{
    "bitcoin": {
      "thb": 900409,
      "thb_24h_change": 5.229466294705378
    },
    "dogecoin": {
      "thb": 2.54,
      "thb_24h_change": 4.052753158999376
    },
    "ethereum": {
      "thb": 58721,
      "thb_24h_change": 2.3966474642887516
    }
  }